{
 "animation-time" : {
    "type" : "scale",
    "default" : 0.25,
    "min" : 0.1,
    "max" : 0.4,
    "step" : 0.01,
    "description" : "Animation time:",
    "tooltip" : "The time it takes to flip from one preview to the next"
 },
 "dim-factor" : {
    "type" : "scale",
    "default" : 0.4,
    "min" : 0.0,
    "max" : 1.0,
    "step" : 0.05,
    "description" : "Background dim factor:",
    "tooltip" : "Dim from 0.0 (full dimming) to 1.0(no dimming)"
 },
 "offset" : {
    "type": "spinbutton",
    "default" : 0,
    "min" : 0,
    "max" : 1000,
    "step" : 20,
    "units" : "pixels",
    "description" : "Vertical offset:",
    "tooltip" : "Negative value moves everything down, positive up"
 },
 "title-position" : {
    "type": "combobox",
    "default" : "Bottom",
    "description" : "Title position:",
    "options" : {
        "Bottom" : "Bottom",
        "Top" : "Top"
    },
    "tooltip" : "Where to display the window title"
 },
 "icon-style" : {
    "type": "combobox",
    "default" : "Classic",
    "description" : "Icon style:",
    "options" : {
        "Classic" : "Classic",
        "Overlay" : "Overlay"
    },
    "tooltip" : "How the window icon is displayed"
 },
 "switcher-style" : {
    "type": "combobox",
    "default" : "Coverflow",
    "description" : "Switcher style:",
    "options" : {
        "Coverflow" : "Coverflow",
        "Timeline" : "Timeline"
    },
    "tooltip" : "How the window switcher arranges the preview"
 },
 "hide-panel": {
    "type" : "checkbox",
    "default" : true,
    "description": "Hide Cinnamon panels",
    "tooltip": "Check to hide the panels, uncheck to show the panels when the switcher is active"
 },
 "enforce-primary-monitor": {
    "type" : "checkbox",
    "default" : false,
    "description": "Always show the switcher on the primary monitor",
    "tooltip": "Show the switcher on the primary monitor instead of detecting the active monitor"
 },
 "elastic-mode": {
    "type" : "checkbox",
    "default" : false,
    "description": "Elastic animations",
    "tooltip": "Use elastic animation style when toggling switcher"
 },
 "current-workspace-only": {
    "type" : "combobox",
    "default" : "current",
    "options" : {
         "Current workspace only" : "current",
         "All workspaces" : "all",
         "All workspaces, current first" : "all-currentfirst"
    },
    "description": "Show windows from current or all workspaces",
    "tooltip": "Whether to show windows from current workspace only or all workspaces"
 },
 "switch-per-monitor": {
    "type" : "checkbox",
    "default" : false,
    "description" : "Per monitor window switch",
    "tooltip" : "Switch between windows on current monitor (monitor with the mouse cursor)"
 }
}
