{
  "_generated": "Generated by SweetTooth, do not edit",
  "description": "Application menu for GNOME Shell\n\nFeatures include: various menu layouts, built in GNOME search, quick access to system shortcuts, and much more!\n\nCommon solutions for ERROR message:\n - Restart your GNOME session after updating ArcMenu.\n - Install one of the following packages: 'gir1.2-gmenu-3.0' or 'gnome-menus'\n\nGeneral Help:\n - Visit https://gitlab.com/arcmenu/ArcMenu/-/wikis/home\n\nPlease report all bugs or issues at https://gitlab.com/arcmenu/ArcMenu",
  "extension-id": "arcmenu",
  "gettext-domain": "arcmenu",
  "name": "ArcMenu",
  "settings-schema": "org.gnome.shell.extensions.arcmenu",
  "shell-version": [
    "42"
  ],
  "url": "https://gitlab.com/arcmenu/ArcMenu",
  "uuid": "arcmenu@arcmenu.com",
  "version": 33
}