<?xml version="1.0" encoding="UTF-8"?>
<schemalist>
  <schema path="/org/gnome/shell/extensions/coverflowalttab/" id="org.gnome.shell.extensions.coverflowalttab">
    <key type="b" name="hide-panel">
        <default>true</default>
        <summary>Hide the panel when showing coverflow</summary>
        <description>Whether to show or hide the panel when CoverflowAltTab is active.</description>
    </key>
    <key type="b" name="enforce-primary-monitor">
        <default>false</default>
        <summary>Always show the switcher on the primary monitor</summary>
        <description>Show the switcher on the primary monitor instead of detecting the active monitor.</description>
    </key>
    <key type="i" name="animation-time">
        <default>250</default>
        <summary>The duration of coverflow animations in ms</summary>
        <description>Define the speed of the CoverflowAltTab animations.</description>
    </key>
    <key type="i" name="dim-factor">
        <range min="0" max="10"/>
        <default>3</default>
        <summary>Dim factor for background</summary>
        <description>Define dimming of the background. Smaller means darker. </description>
    </key>
    <key type="s" name="position">
        <choices>
            <choice value="Top"/>
            <choice value="Bottom"/>
        </choices>
        <default>"Bottom"</default>
        <summary>Position of icon and window title</summary>
        <description>Whether the icon and window title should be placed below or above the window preview.</description>
    </key>
    <key type="i" name="offset">
        <default>0</default>
        <summary>Set a vertical offset</summary>
        <description>Set a vertical offset. Positive values move the whole Coverflow up, negative down.</description>
    </key>
    <key type="s" name="icon-style">
        <choices>
            <choice value="Classic"/>
            <choice value="Overlay"/>
        </choices>
        <default>"Classic"</default>
        <summary>Icon style</summary>
        <description>Whether the application icon should be displayed next to the title label or as an overlay.</description>
    </key>
    <key type="s" name="switcher-style">
        <choices>
            <choice value="Coverflow"/>
            <choice value="Timeline"/>
        </choices>
        <default>"Coverflow"</default>
        <summary>Switcher style</summary>
        <description>The switcher display style.</description>
    </key>
    <key type="s" name="easing-function">
        <choices>
            <choice value="ease-out-cubic"/>
            <choice value="ease-in-out-cubic"/>
            <choice value="ease-out-quad"/>
            <choice value="ease-in-out-quad"/>
            <choice value="ease-out-quint"/>
            <choice value="ease-in-out-quint"/>
            <choice value="ease-out-circ"/>
            <choice value="ease-in-out-circ"/>
            <choice value="ease-out-back"/>
            <choice value="ease-in-out-back"/>
            <choice value="ease-out-elastic"/>
            <choice value="ease-in-out-elastic"/>
            <choice value="ease-out-bounce"/>
            <choice value="ease-in-out-bounce"/>
        </choices>
        <default>"ease-out-cubic"</default>
        <summary>Easing function used in animations when toggling Coverflow</summary>
        <description>Use this easing function for animation when Coverflow is toggled.</description>
    </key>
    <key type="s" name="current-workspace-only">
        <choices>
            <choice value="current"/>
            <choice value="all"/>
            <choice value="all-currentfirst"/>
        </choices>
        <default>'current'</default>
        <summary>Show windows from current workspace only</summary>
        <description>Whether to show all windows or windows from current workspace only.</description>
    </key>
    <key type="b" name="switch-per-monitor">
        <default>false</default>
        <summary>Per monitor window switch</summary>
        <description>Switch between windows on current monitor (monitor with the mouse cursor)</description>
    </key>
  </schema>
</schemalist>
